[
  {
    "model": "housing.housingcomplex",
    "pk": 2001,
    "fields": {
      "code": "sh_2001",
      "name": "제47차 장기전세주택 입주자 모집공고 (2025.4.30.공고)",
      "housing_type": "jeonse",
      "address": "서울특별시 서초구 등 15개 자치구",
      "address_detail": "",
      "location": "SRID=4326;POINT (127.006 37.4837)",
      "district": "서울시",
      "region": "서울특별시",
      "total_units": 527,
      "completion_date": null,
      "phone": "1600-3456",
      "website": "https://www.i-sh.co.kr",
      "operator": "SH서울주택도시공사",
      "image_url": "",
      "created_at": "2025-04-30T09:00:00Z",
      "updated_at": "2025-04-30T09:00:00Z",
      "is_active": true
    }
  },
  {
    "model": "housing.housingcomplex",
    "pk": 2002,
    "fields": {
      "code": "sh_2002",
      "name": "2025년 영구임대주택 예비입주자 모집공고",
      "housing_type": "permanent",
      "address": "서울특별시 노원구 등 12개 자치구",
      "address_detail": "",
      "location": "SRID=4326;POINT (127.0619 37.6568)",
      "district": "서울시",
      "region": "서울특별시",
      "total_units": 150,
      "completion_date": null,
      "phone": "1600-3456",
      "website": "https://www.i-sh.co.kr",
      "operator": "SH서울주택도시공사",
      "image_url": "",
      "created_at": "2025-09-25T09:00:00Z",
      "updated_at": "2025-09-25T09:00:00Z",
      "is_active": true
    }
  },
  {
    "model": "housing.housingcomplex",
    "pk": 2003,
    "fields": {
      "code": "sh_2003",
      "name": "2024년 1차 행복주택 입주자모집공고 당첨자 및 예비자 발표",
      "housing_type": "happy",
      "address": "서울특별시 강서구 등 10개 자치구",
      "address_detail": "",
      "location": "SRID=4326;POINT (126.8284 37.5672)",
      "district": "서울시",
      "region": "서울특별시",
      "total_units": 890,
      "completion_date": null,
      "phone": "1600-3456",
      "website": "https://www.i-sh.co.kr",
      "operator": "SH서울주택도시공사",
      "image_url": "",
      "created_at": "2024-06-28T09:00:00Z",
      "updated_at": "2024-06-28T09:00:00Z",
      "is_active": true
    }
  },
  {
    "model": "housing.housingcomplex",
    "pk": 2004,
    "fields": {
      "code": "sh_2004",
      "name": "2025년 하반기 청년 매입임대주택 우선공급 입주자모집공고",
      "housing_type": "purchase",
      "address": "서울특별시 강동구, 광진구, 마포구, 송파구, 영등포구",
      "address_detail": "",
      "location": "SRID=4326;POINT (127.0685 37.5406)",
      "district": "서울시",
      "region": "서울특별시",
      "total_units": 25,
      "completion_date": null,
      "phone": "1600-3456",
      "website": "https://www.i-sh.co.kr",
      "operator": "SH서울주택도시공사",
      "image_url": "",
      "created_at": "2025-11-28T09:00:00Z",
      "updated_at": "2025-11-28T09:00:00Z",
      "is_active": true
    }
  },
  {
    "model": "housing.housingcomplex",
    "pk": 2005,
    "fields": {
      "code": "sh_2005",
      "name": "제49차 장기전세주택 입주자 모집공고(2025.12.15.공고)",
      "housing_type": "jeonse",
      "address": "서울특별시 송파구, 강남구 등",
      "address_detail": "",
      "location": "SRID=4326;POINT (127.1435 37.4793)",
      "district": "서울시",
      "region": "서울특별시",
      "total_units": 1014,
      "completion_date": null,
      "phone": "1600-3456",
      "website": "https://www.i-sh.co.kr",
      "operator": "SH서울주택도시공사",
      "image_url": "",
      "created_at": "2025-12-15T09:00:00Z",
      "updated_at": "2025-12-15T09:00:00Z",
      "is_active": true
    }
  },
  {
    "model": "housing.housingcomplex",
    "pk": 2006,
    "fields": {
      "code": "sh_2006",
      "name": "[정정]2025년 3차 행복주택 입주자 모집공고(2025.12.31.공고)",
      "housing_type": "happy",
      "address": "서울특별시 은평구, 마포구, 강동구 등",
      "address_detail": "",
      "location": "SRID=4326;POINT (126.9362 37.6108)",
      "district": "서울시",
      "region": "서울특별시",
      "total_units": 2368,
      "completion_date": null,
      "phone": "1600-3456",
      "website": "https://www.i-sh.co.kr",
      "operator": "SH서울주택도시공사",
      "image_url": "",
      "created_at": "2025-12-31T09:00:00Z",
      "updated_at": "2025-12-31T09:00:00Z",
      "is_active": true
    }
  },
  {
    "model": "housing.housingcomplex",
    "pk": 2007,
    "fields": {
      "code": "sh_2007",
      "name": "2025년 장기미임대 매입임대주택 수시 입주자 모집공고",
      "housing_type": "purchase",
      "address": "서울특별시 구로구, 금천구 등",
      "address_detail": "",
      "location": "SRID=4326;POINT (126.8429 37.4835)",
      "district": "서울시",
      "region": "서울특별시",
      "total_units": 85,
      "completion_date": null,
      "phone": "1600-3456",
      "website": "https://www.i-sh.co.kr",
      "operator": "SH서울주택도시공사",
      "image_url": "",
      "created_at": "2025-10-28T09:00:00Z",
      "updated_at": "2025-10-28T09:00:00Z",
      "is_active": true
    }
  },
  {
    "model": "housing.housingcomplex",
    "pk": 2008,
    "fields": {
      "code": "sh_2008",
      "name": "2026년 기존주택 전세임대 입주자 모집공고",
      "housing_type": "jeonse",
      "address": "서울특별시 전 자치구",
      "address_detail": "",
      "location": "SRID=4326;POINT (126.9519 37.5439)",
      "district": "서울시",
      "region": "서울특별시",
      "total_units": 300,
      "completion_date": null,
      "phone": "1600-3456",
      "website": "https://www.i-sh.co.kr",
      "operator": "SH서울주택도시공사",
      "image_url": "",
      "created_at": "2026-02-11T09:00:00Z",
      "updated_at": "2026-02-11T09:00:00Z",
      "is_active": true
    }
  },
  {
    "model": "housing.housingcomplex",
    "pk": 2009,
    "fields": {
      "code": "sh_2009",
      "name": "2026년 상반기 일반 매입임대주택(다가구,원룸) 입주대기자 모집공고",
      "housing_type": "purchase",
      "address": "서울특별시 전 자치구",
      "address_detail": "",
      "location": "SRID=4326;POINT (127.0362 37.5573)",
      "district": "서울시",
      "region": "서울특별시",
      "total_units": 200,
      "completion_date": null,
      "phone": "1600-3456",
      "website": "https://www.i-sh.co.kr",
      "operator": "SH서울주택도시공사",
      "image_url": "",
      "created_at": "2026-02-26T09:00:00Z",
      "updated_at": "2026-02-26T09:00:00Z",
      "is_active": true
    }
  },
  {
    "model": "housing.housingcomplex",
    "pk": 2010,
    "fields": {
      "code": "sh_2010",
      "name": "2026년 상반기 신혼·신생아 매입임대주택Ⅰ 입주대기자 모집공고",
      "housing_type": "purchase",
      "address": "서울특별시 전 자치구",
      "address_detail": "",
      "location": "SRID=4326;POINT (126.8898 37.5283)",
      "district": "서울시",
      "region": "서울특별시",
      "total_units": 150,
      "completion_date": null,
      "phone": "1600-3456",
      "website": "https://www.i-sh.co.kr",
      "operator": "SH서울주택도시공사",
      "image_url": "",
      "created_at": "2026-03-18T09:00:00Z",
      "updated_at": "2026-03-18T09:00:00Z",
      "is_active": true
    }
  },
  {
    "model": "housing.recruitment",
    "pk": 2001,
    "fields": {
      "housing_complex": 2001,
      "recruitment_id": "sh_2001",
      "recruitment_number": "SH-2001",
      "target_groups": [
        "general"
      ],
      "total_households": 527,
      "apply_start": "2025-05-12T09:00:00Z",
      "apply_end": "2025-05-23T18:00:00Z",
      "status": "closed",
      "announcement_date": "2025-04-30",
      "announcement_url": "https://www.i-sh.co.kr/main/lay2/program/S1T294C295/www/brd/m_241/view.do?seq=287727",
      "details": {},
      "created_at": "2025-04-30T09:00:00Z",
      "updated_at": "2025-04-30T09:00:00Z"
    }
  },
  {
    "model": "housing.recruitment",
    "pk": 2002,
    "fields": {
      "housing_complex": 2002,
      "recruitment_id": "sh_2002",
      "recruitment_number": "SH-2002",
      "target_groups": [
        "welfare",
        "senior"
      ],
      "total_households": 150,
      "apply_start": "2025-10-06T09:00:00Z",
      "apply_end": "2025-10-17T18:00:00Z",
      "status": "closed",
      "announcement_date": "2025-09-25",
      "announcement_url": "https://www.i-sh.co.kr/perm/brd/m_4/view.do?seq=295992",
      "details": {},
      "created_at": "2025-09-25T09:00:00Z",
      "updated_at": "2025-09-25T09:00:00Z"
    }
  },
  {
    "model": "housing.recruitment",
    "pk": 2003,
    "fields": {
      "housing_complex": 2003,
      "recruitment_id": "sh_2003",
      "recruitment_number": "SH-2003",
      "target_groups": [
        "youth",
        "newlywed",
        "general"
      ],
      "total_households": 890,
      "apply_start": "2024-07-15T09:00:00Z",
      "apply_end": "2024-07-26T18:00:00Z",
      "status": "closed",
      "announcement_date": "2024-06-28",
      "announcement_url": "https://www.i-sh.co.kr/main/lay2/program/S1T294C297/www/brd/m_247/view.do?multi_itm_seq=2&seq=281305",
      "details": {},
      "created_at": "2024-06-28T09:00:00Z",
      "updated_at": "2024-06-28T09:00:00Z"
    }
  },
  {
    "model": "housing.recruitment",
    "pk": 2004,
    "fields": {
      "housing_complex": 2004,
      "recruitment_id": "sh_2004",
      "recruitment_number": "SH-2004",
      "target_groups": [
        "youth"
      ],
      "total_households": 25,
      "apply_start": "2025-12-15T09:00:00Z",
      "apply_end": "2025-12-19T18:00:00Z",
      "status": "closed",
      "announcement_date": "2025-11-28",
      "announcement_url": "https://www.i-sh.co.kr/app/lay2/program/S48T1581C563/www/brd/m_247/view.do?multi_itm_seq=2&seq=296598",
      "details": {},
      "created_at": "2025-11-28T09:00:00Z",
      "updated_at": "2025-11-28T09:00:00Z"
    }
  },
  {
    "model": "housing.recruitment",
    "pk": 2005,
    "fields": {
      "housing_complex": 2005,
      "recruitment_id": "sh_2005",
      "recruitment_number": "SH-2005",
      "target_groups": [
        "general"
      ],
      "total_households": 1014,
      "apply_start": "2026-01-08T09:00:00Z",
      "apply_end": "2026-01-19T18:00:00Z",
      "status": "open",
      "announcement_date": "2025-12-15",
      "announcement_url": "https://www.i-sh.co.kr/app/lay2/program/S1T294C297/www/brd/m_247/view.do?multi_itm_seq=2&seq=297335",
      "details": {},
      "created_at": "2025-12-15T09:00:00Z",
      "updated_at": "2025-12-15T09:00:00Z"
    }
  },
  {
    "model": "housing.recruitment",
    "pk": 2006,
    "fields": {
      "housing_complex": 2006,
      "recruitment_id": "sh_2006",
      "recruitment_number": "SH-2006",
      "target_groups": [
        "youth",
        "newlywed",
        "student",
        "senior"
      ],
      "total_households": 2368,
      "apply_start": "2026-01-16T09:00:00Z",
      "apply_end": "2026-01-20T18:00:00Z",
      "status": "closed",
      "announcement_date": "2025-12-31",
      "announcement_url": "https://www.i-sh.co.kr/app/lay2/program/S1T294C295/www/brd/m_241/view.do?multi_itm_seqs=1,2,4,8,16,32,64,128,256&seq=298109",
      "details": {},
      "created_at": "2025-12-31T09:00:00Z",
      "updated_at": "2025-12-31T09:00:00Z"
    }
  },
  {
    "model": "housing.recruitment",
    "pk": 2007,
    "fields": {
      "housing_complex": 2007,
      "recruitment_id": "sh_2007",
      "recruitment_number": "SH-2007",
      "target_groups": [
        "general",
        "welfare"
      ],
      "total_households": 85,
      "apply_start": "2025-11-10T09:00:00Z",
      "apply_end": "2025-11-24T18:00:00Z",
      "status": "closed",
      "announcement_date": "2025-10-28",
      "announcement_url": "https://www.i-sh.co.kr/app/lay2/program/S1T294C295/www/brd/m_241/view.do?multi_itm_seqs=1,2,4,8,16,32,64,128,256&seq=296584",
      "details": {},
      "created_at": "2025-10-28T09:00:00Z",
      "updated_at": "2025-10-28T09:00:00Z"
    }
  },
  {
    "model": "housing.recruitment",
    "pk": 2008,
    "fields": {
      "housing_complex": 2008,
      "recruitment_id": "sh_2008",
      "recruitment_number": "SH-2008",
      "target_groups": [
        "youth",
        "newlywed",
        "general"
      ],
      "total_households": 300,
      "apply_start": "2026-02-17T09:00:00Z",
      "apply_end": "2026-03-07T18:00:00Z",
      "status": "open",
      "announcement_date": "2026-02-11",
      "announcement_url": "https://www.i-sh.co.kr/main/lay2/program/S1T294C297/www/brd/m_247/view.do?multi_itm_seq=2&seq=300421",
      "details": {},
      "created_at": "2026-02-11T09:00:00Z",
      "updated_at": "2026-02-11T09:00:00Z"
    }
  },
  {
    "model": "housing.recruitment",
    "pk": 2009,
    "fields": {
      "housing_complex": 2009,
      "recruitment_id": "sh_2009",
      "recruitment_number": "SH-2009",
      "target_groups": [
        "general"
      ],
      "total_households": 200,
      "apply_start": "2026-03-03T09:00:00Z",
      "apply_end": "2026-03-14T18:00:00Z",
      "status": "open",
      "announcement_date": "2026-02-26",
      "announcement_url": "https://www.i-sh.co.kr/main/lay2/program/S1T294C297/www/brd/m_247/view.do?multi_itm_seq=2&seq=301016",
      "details": {},
      "created_at": "2026-02-26T09:00:00Z",
      "updated_at": "2026-02-26T09:00:00Z"
    }
  },
  {
    "model": "housing.recruitment",
    "pk": 2010,
    "fields": {
      "housing_complex": 2010,
      "recruitment_id": "sh_2010",
      "recruitment_number": "SH-2010",
      "target_groups": [
        "newlywed"
      ],
      "total_households": 150,
      "apply_start": "2026-03-24T09:00:00Z",
      "apply_end": "2026-04-04T18:00:00Z",
      "status": "open",
      "announcement_date": "2026-03-18",
      "announcement_url": "https://www.i-sh.co.kr/main/lay2/program/S1T294C297/www/brd/m_247/view.do?multi_itm_seq=2&seq=301742",
      "details": {},
      "created_at": "2026-03-18T09:00:00Z",
      "updated_at": "2026-03-18T09:00:00Z"
    }
  },
  {
    "model": "housing.supplyunit",
    "pk": 3001,
    "fields": {
      "recruitment": 2001,
      "unit_type": "59A",
      "unit_name": "59A형",
      "exclusive_area": "59.0",
      "supply_area": "76.7",
      "total_units": 30,
      "remaining_units": null,
      "deposit_base": 120000000,
      "deposit_min": 48000000,
      "deposit_max": 240000000,
      "monthly_rent": 0,
      "rent_at_min": 0,
      "rent_at_max": 0,
      "management_fee": 50000,
      "priority_order": 0,
      "details": {},
      "created_at": "2025-04-30T09:00:00Z",
      "updated_at": "2025-04-30T09:00:00Z"
    }
  },
  {
    "model": "housing.supplyunit",
    "pk": 3002,
    "fields": {
      "recruitment": 2001,
      "unit_type": "74A",
      "unit_name": "74A형",
      "exclusive_area": "74.0",
      "supply_area": "96.2",
      "total_units": 20,
      "remaining_units": null,
      "deposit_base": 160000000,
      "deposit_min": 64000000,
      "deposit_max": 320000000,
      "monthly_rent": 0,
      "rent_at_min": 0,
      "rent_at_max": 0,
      "management_fee": 50000,
      "priority_order": 0,
      "details": {},
      "created_at": "2025-04-30T09:00:00Z",
      "updated_at": "2025-04-30T09:00:00Z"
    }
  },
  {
    "model": "housing.supplyunit",
    "pk": 3003,
    "fields": {
      "recruitment": 2002,
      "unit_type": "26A",
      "unit_name": "26A형",
      "exclusive_area": "26.0",
      "supply_area": "33.8",
      "total_units": 25,
      "remaining_units": null,
      "deposit_base": 5000000,
      "deposit_min": 2000000,
      "deposit_max": 10000000,
      "monthly_rent": 50000,
      "rent_at_min": 25000,
      "rent_at_max": 75000,
      "management_fee": 50000,
      "priority_order": 0,
      "details": {},
      "created_at": "2025-09-25T09:00:00Z",
      "updated_at": "2025-09-25T09:00:00Z"
    }
  },
  {
    "model": "housing.supplyunit",
    "pk": 3004,
    "fields": {
      "recruitment": 2002,
      "unit_type": "33A",
      "unit_name": "33A형",
      "exclusive_area": "33.0",
      "supply_area": "42.9",
      "total_units": 20,
      "remaining_units": null,
      "deposit_base": 8000000,
      "deposit_min": 3200000,
      "deposit_max": 16000000,
      "monthly_rent": 80000,
      "rent_at_min": 40000,
      "rent_at_max": 120000,
      "management_fee": 50000,
      "priority_order": 0,
      "details": {},
      "created_at": "2025-09-25T09:00:00Z",
      "updated_at": "2025-09-25T09:00:00Z"
    }
  },
  {
    "model": "housing.supplyunit",
    "pk": 3005,
    "fields": {
      "recruitment": 2003,
      "unit_type": "26A",
      "unit_name": "26A형",
      "exclusive_area": "26.0",
      "supply_area": "33.8",
      "total_units": 40,
      "remaining_units": null,
      "deposit_base": 28000000,
      "deposit_min": 11200000,
      "deposit_max": 56000000,
      "monthly_rent": 180000,
      "rent_at_min": 90000,
      "rent_at_max": 270000,
      "management_fee": 50000,
      "priority_order": 0,
      "details": {},
      "created_at": "2024-06-28T09:00:00Z",
      "updated_at": "2024-06-28T09:00:00Z"
    }
  },
  {
    "model": "housing.supplyunit",
    "pk": 3006,
    "fields": {
      "recruitment": 2003,
      "unit_type": "36A",
      "unit_name": "36A형",
      "exclusive_area": "36.0",
      "supply_area": "46.8",
      "total_units": 60,
      "remaining_units": null,
      "deposit_base": 42000000,
      "deposit_min": 16800000,
      "deposit_max": 84000000,
      "monthly_rent": 250000,
      "rent_at_min": 125000,
      "rent_at_max": 375000,
      "management_fee": 50000,
      "priority_order": 0,
      "details": {},
      "created_at": "2024-06-28T09:00:00Z",
      "updated_at": "2024-06-28T09:00:00Z"
    }
  },
  {
    "model": "housing.supplyunit",
    "pk": 3007,
    "fields": {
      "recruitment": 2003,
      "unit_type": "46A",
      "unit_name": "46A형",
      "exclusive_area": "46.0",
      "supply_area": "59.8",
      "total_units": 30,
      "remaining_units": null,
      "deposit_base": 58000000,
      "deposit_min": 23200000,
      "deposit_max": 116000000,
      "monthly_rent": 320000,
      "rent_at_min": 160000,
      "rent_at_max": 480000,
      "management_fee": 50000,
      "priority_order": 0,
      "details": {},
      "created_at": "2024-06-28T09:00:00Z",
      "updated_at": "2024-06-28T09:00:00Z"
    }
  },
  {
    "model": "housing.supplyunit",
    "pk": 3008,
    "fields": {
      "recruitment": 2004,
      "unit_type": "33A",
      "unit_name": "33A형",
      "exclusive_area": "33.0",
      "supply_area": "42.9",
      "total_units": 20,
      "remaining_units": null,
      "deposit_base": 18000000,
      "deposit_min": 7200000,
      "deposit_max": 36000000,
      "monthly_rent": 130000,
      "rent_at_min": 65000,
      "rent_at_max": 195000,
      "management_fee": 50000,
      "priority_order": 0,
      "details": {},
      "created_at": "2025-11-28T09:00:00Z",
      "updated_at": "2025-11-28T09:00:00Z"
    }
  },
  {
    "model": "housing.supplyunit",
    "pk": 3009,
    "fields": {
      "recruitment": 2004,
      "unit_type": "46A",
      "unit_name": "46A형",
      "exclusive_area": "46.0",
      "supply_area": "59.8",
      "total_units": 15,
      "remaining_units": null,
      "deposit_base": 35000000,
      "deposit_min": 14000000,
      "deposit_max": 70000000,
      "monthly_rent": 220000,
      "rent_at_min": 110000,
      "rent_at_max": 330000,
      "management_fee": 50000,
      "priority_order": 0,
      "details": {},
      "created_at": "2025-11-28T09:00:00Z",
      "updated_at": "2025-11-28T09:00:00Z"
    }
  },
  {
    "model": "housing.supplyunit",
    "pk": 3010,
    "fields": {
      "recruitment": 2005,
      "unit_type": "59A",
      "unit_name": "59A형",
      "exclusive_area": "59.0",
      "supply_area": "76.7",
      "total_units": 30,
      "remaining_units": null,
      "deposit_base": 120000000,
      "deposit_min": 48000000,
      "deposit_max": 240000000,
      "monthly_rent": 0,
      "rent_at_min": 0,
      "rent_at_max": 0,
      "management_fee": 50000,
      "priority_order": 0,
      "details": {},
      "created_at": "2025-12-15T09:00:00Z",
      "updated_at": "2025-12-15T09:00:00Z"
    }
  },
  {
    "model": "housing.supplyunit",
    "pk": 3011,
    "fields": {
      "recruitment": 2005,
      "unit_type": "74A",
      "unit_name": "74A형",
      "exclusive_area": "74.0",
      "supply_area": "96.2",
      "total_units": 20,
      "remaining_units": null,
      "deposit_base": 160000000,
      "deposit_min": 64000000,
      "deposit_max": 320000000,
      "monthly_rent": 0,
      "rent_at_min": 0,
      "rent_at_max": 0,
      "management_fee": 50000,
      "priority_order": 0,
      "details": {},
      "created_at": "2025-12-15T09:00:00Z",
      "updated_at": "2025-12-15T09:00:00Z"
    }
  },
  {
    "model": "housing.supplyunit",
    "pk": 3012,
    "fields": {
      "recruitment": 2006,
      "unit_type": "26A",
      "unit_name": "26A형",
      "exclusive_area": "26.0",
      "supply_area": "33.8",
      "total_units": 40,
      "remaining_units": null,
      "deposit_base": 28000000,
      "deposit_min": 11200000,
      "deposit_max": 56000000,
      "monthly_rent": 180000,
      "rent_at_min": 90000,
      "rent_at_max": 270000,
      "management_fee": 50000,
      "priority_order": 0,
      "details": {},
      "created_at": "2025-12-31T09:00:00Z",
      "updated_at": "2025-12-31T09:00:00Z"
    }
  },
  {
    "model": "housing.supplyunit",
    "pk": 3013,
    "fields": {
      "recruitment": 2006,
      "unit_type": "36A",
      "unit_name": "36A형",
      "exclusive_area": "36.0",
      "supply_area": "46.8",
      "total_units": 60,
      "remaining_units": null,
      "deposit_base": 42000000,
      "deposit_min": 16800000,
      "deposit_max": 84000000,
      "monthly_rent": 250000,
      "rent_at_min": 125000,
      "rent_at_max": 375000,
      "management_fee": 50000,
      "priority_order": 0,
      "details": {},
      "created_at": "2025-12-31T09:00:00Z",
      "updated_at": "2025-12-31T09:00:00Z"
    }
  },
  {
    "model": "housing.supplyunit",
    "pk": 3014,
    "fields": {
      "recruitment": 2006,
      "unit_type": "46A",
      "unit_name": "46A형",
      "exclusive_area": "46.0",
      "supply_area": "59.8",
      "total_units": 30,
      "remaining_units": null,
      "deposit_base": 58000000,
      "deposit_min": 23200000,
      "deposit_max": 116000000,
      "monthly_rent": 320000,
      "rent_at_min": 160000,
      "rent_at_max": 480000,
      "management_fee": 50000,
      "priority_order": 0,
      "details": {},
      "created_at": "2025-12-31T09:00:00Z",
      "updated_at": "2025-12-31T09:00:00Z"
    }
  },
  {
    "model": "housing.supplyunit",
    "pk": 3015,
    "fields": {
      "recruitment": 2007,
      "unit_type": "33A",
      "unit_name": "33A형",
      "exclusive_area": "33.0",
      "supply_area": "42.9",
      "total_units": 20,
      "remaining_units": null,
      "deposit_base": 18000000,
      "deposit_min": 7200000,
      "deposit_max": 36000000,
      "monthly_rent": 130000,
      "rent_at_min": 65000,
      "rent_at_max": 195000,
      "management_fee": 50000,
      "priority_order": 0,
      "details": {},
      "created_at": "2025-10-28T09:00:00Z",
      "updated_at": "2025-10-28T09:00:00Z"
    }
  },
  {
    "model": "housing.supplyunit",
    "pk": 3016,
    "fields": {
      "recruitment": 2007,
      "unit_type": "46A",
      "unit_name": "46A형",
      "exclusive_area": "46.0",
      "supply_area": "59.8",
      "total_units": 15,
      "remaining_units": null,
      "deposit_base": 35000000,
      "deposit_min": 14000000,
      "deposit_max": 70000000,
      "monthly_rent": 220000,
      "rent_at_min": 110000,
      "rent_at_max": 330000,
      "management_fee": 50000,
      "priority_order": 0,
      "details": {},
      "created_at": "2025-10-28T09:00:00Z",
      "updated_at": "2025-10-28T09:00:00Z"
    }
  },
  {
    "model": "housing.supplyunit",
    "pk": 3017,
    "fields": {
      "recruitment": 2008,
      "unit_type": "59A",
      "unit_name": "59A형",
      "exclusive_area": "59.0",
      "supply_area": "76.7",
      "total_units": 30,
      "remaining_units": null,
      "deposit_base": 120000000,
      "deposit_min": 48000000,
      "deposit_max": 240000000,
      "monthly_rent": 0,
      "rent_at_min": 0,
      "rent_at_max": 0,
      "management_fee": 50000,
      "priority_order": 0,
      "details": {},
      "created_at": "2026-02-11T09:00:00Z",
      "updated_at": "2026-02-11T09:00:00Z"
    }
  },
  {
    "model": "housing.supplyunit",
    "pk": 3018,
    "fields": {
      "recruitment": 2008,
      "unit_type": "74A",
      "unit_name": "74A형",
      "exclusive_area": "74.0",
      "supply_area": "96.2",
      "total_units": 20,
      "remaining_units": null,
      "deposit_base": 160000000,
      "deposit_min": 64000000,
      "deposit_max": 320000000,
      "monthly_rent": 0,
      "rent_at_min": 0,
      "rent_at_max": 0,
      "management_fee": 50000,
      "priority_order": 0,
      "details": {},
      "created_at": "2026-02-11T09:00:00Z",
      "updated_at": "2026-02-11T09:00:00Z"
    }
  },
  {
    "model": "housing.supplyunit",
    "pk": 3019,
    "fields": {
      "recruitment": 2009,
      "unit_type": "33A",
      "unit_name": "33A형",
      "exclusive_area": "33.0",
      "supply_area": "42.9",
      "total_units": 20,
      "remaining_units": null,
      "deposit_base": 18000000,
      "deposit_min": 7200000,
      "deposit_max": 36000000,
      "monthly_rent": 130000,
      "rent_at_min": 65000,
      "rent_at_max": 195000,
      "management_fee": 50000,
      "priority_order": 0,
      "details": {},
      "created_at": "2026-02-26T09:00:00Z",
      "updated_at": "2026-02-26T09:00:00Z"
    }
  },
  {
    "model": "housing.supplyunit",
    "pk": 3020,
    "fields": {
      "recruitment": 2009,
      "unit_type": "46A",
      "unit_name": "46A형",
      "exclusive_area": "46.0",
      "supply_area": "59.8",
      "total_units": 15,
      "remaining_units": null,
      "deposit_base": 35000000,
      "deposit_min": 14000000,
      "deposit_max": 70000000,
      "monthly_rent": 220000,
      "rent_at_min": 110000,
      "rent_at_max": 330000,
      "management_fee": 50000,
      "priority_order": 0,
      "details": {},
      "created_at": "2026-02-26T09:00:00Z",
      "updated_at": "2026-02-26T09:00:00Z"
    }
  },
  {
    "model": "housing.supplyunit",
    "pk": 3021,
    "fields": {
      "recruitment": 2010,
      "unit_type": "33A",
      "unit_name": "33A형",
      "exclusive_area": "33.0",
      "supply_area": "42.9",
      "total_units": 20,
      "remaining_units": null,
      "deposit_base": 18000000,
      "deposit_min": 7200000,
      "deposit_max": 36000000,
      "monthly_rent": 130000,
      "rent_at_min": 65000,
      "rent_at_max": 195000,
      "management_fee": 50000,
      "priority_order": 0,
      "details": {},
      "created_at": "2026-03-18T09:00:00Z",
      "updated_at": "2026-03-18T09:00:00Z"
    }
  },
  {
    "model": "housing.supplyunit",
    "pk": 3022,
    "fields": {
      "recruitment": 2010,
      "unit_type": "46A",
      "unit_name": "46A형",
      "exclusive_area": "46.0",
      "supply_area": "59.8",
      "total_units": 15,
      "remaining_units": null,
      "deposit_base": 35000000,
      "deposit_min": 14000000,
      "deposit_max": 70000000,
      "monthly_rent": 220000,
      "rent_at_min": 110000,
      "rent_at_max": 330000,
      "management_fee": 50000,
      "priority_order": 0,
      "details": {},
      "created_at": "2026-03-18T09:00:00Z",
      "updated_at": "2026-03-18T09:00:00Z"
    }
  }
]